Question.ID,subset_size,total_explanations,candidate_text,reading_ease,similarity
0,1,16,"The `hoursOffset` function is designed to accept negative numbers within the range of -23 to 23. However, it needs to ensure proper validation to handle input correctly within this specified range. Any input outside of this range should be rejected to maintain expected functionality. Please review the input handling logic to confirm that it adheres to these boundaries and implements appropriate error handling for invalid inputs.",37.81,0.6550328135490417
0,2,16,"The `hoursOffset` function is designed to accept negative numbers within the range of -23 to +23, which aligns with the defined functionality. The conditional clause responsible for validating this range is correctly implemented, ensuring that only values within these bounds are accepted.",33.24,0.5946139693260193
0,3,16,"The `hoursOffset` parameter correctly accepts negative values in the range of -23 to 23, as specified. However, when the argument -2 is passed, it falls within this valid range. The conditional check on line 276 fails for -2, resulting in the program proceeding to the subsequent condition. To fix this issue, ensure that the logic on line 276 properly handles valid negative numbers within the specified range.",54.42,0.7748218774795532
0,4,16,"The issue arises from the handling of the `hoursOffset` parameter, which correctly accepts negative numbers within the range of -23 to +23. The argument -2 is valid within this range; however, the if statement condition on line 276 fails, leading the program to evaluate the next if statement. Importantly, the exception encountered is unrelated to the `hoursOffset` parameter.",43.43,0.8306711912155151
0,5,16,"The bug involves an exception related to the minutes being out of range, rather than the `hoursOffset` parameter, which correctly accepts values between -23 and 23. The provided argument of -2 falls within this range. Thus, the conditional clause on line 276 correctly allows the program to bypass that condition and proceed to the next check. The exception is unrelated to `hoursOffset`, indicating that the root cause lies elsewhere, specifically in the handling of minutes in the code.",51.68,0.821671724319458
0,6,16,"The bug arises not from the `hoursOffset` parameter, which correctly accepts negative values between -23 and 23, as stated. Specifically, the argument -2 is valid within this range, and the conditional clause for `hoursOffset` on line 276 operates correctly. Instead, the issue pertains to a failure message regarding ""Minutes out of range,"" which is triggered when the program evaluates `minutesOffset` on line 279. Therefore, the exception is unrelated to `hoursOffset`. The focus should be on ensuring that `minutesOffset` is validated appropriately to prevent this failure.",37.3,0.9007319211959839
0,7,16,"The bug involves an issue related to the minutesOffset parameter, not hoursOffset. The hoursOffset parameter accepts negative values between -23 and 23, which is functioning correctly as the conditional statement checks this range properly. In the case of the argument -2, it falls within the valid range, and therefore the condition on line 276 fails, leading the program to evaluate the next conditional statement. 

However, the exception encountered pertains to the minutes being out of range, which is checked on line 279 for minutesOffset. Since the error message indicates that the minutes are out of range, it is clear that the problem does not relate to hoursOffset, as that parameter is properly declared and handled, both in exception handling and in its conversion to hoursInMinutes. 

To resolve the bug, focus should be directed towards the minutesOffset handling rather than hoursOffset.",39.37,0.8068712949752808
0,8,16,"The bug appears to be related to the handling of the `minutesOffset` parameter, not the `hoursOffset`. The `hoursOffset` parameter correctly accepts negative values in the range of -23 to +23, as specified. Specifically, when the argument -2 is provided, it falls within the acceptable range, causing the if statement condition on line 276 to evaluate as false. Consequently, the program moves to the next conditional check.

The exception raised mentions that the minutes are out of range, which is relevant to the check performed on line 279 for the `minutesOffset`, indicating that the issue lies with this parameter rather than with `hoursOffset`. The usage and declaration of `hoursOffset` appear to be accurate in terms of exception handling and its conversion to `hoursInMinutes`. 

Overall, the issue does not involve `hoursOffset`, but instead, the minutes-related processing should be examined. The current lack of a proper source viewer or editor has limited the capability to trace method calls related to this part of the code, but there doesn’t seem to be anything improper in how `hoursOffset` is handled.",40.79,0.8143677115440369
0,9,16,"The bug arises during the processing of time offsets, specifically related to the `minutesOffset` parameter, not `hoursOffset`. The `hoursOffset` accepts negative values between -23 and 23, which is consistent with its intended functionality. The input value of -2 is within this range, and thus the conditional check on line 276 passes without triggering any exceptions.

The exception encountered is related to the validation of `minutesOffset`, indicated by the error message stating ""Minutes out of range."" This occurs when the code reaches line 279, where the validation fails, resulting in the thrown exception. As such, the root of the issue lies within this section of the code and not in the handling of `hoursOffset`.

The declaration and usage of `hoursOffset` appear to be correct, as they contribute properly to calculations like `hoursInMinutes`. The issues logged are not attributed to improper type handling, as everything is expected to operate with integers. 

To resolve this bug, the focus should be directed towards lines 279-281, ensuring that the `minutesOffset` is correctly validated and that proper values are passed to avoid exceeding the acceptable range for minutes.",42.51,0.8645936250686646
0,10,16,"The bug occurs in a section of code where the parameters hoursOffset and minutesOffset are handled. The hoursOffset parameter accepts integers in the range of -23 to 23, including negative values, which is correctly implemented. The conditional check on line 276 for hoursOffset will pass for valid values, such as -2, because it falls within the specified range.

However, the actual error arises from the minutesOffset parameter, as indicated by the exception stating ""Minutes out of range."" This message is triggered when line 279, which relates to minutesOffset, is evaluated. The minutesOffset should be within the range of -59 to 59 and is expected to be an integer, which is appropriate for this context.

The exception is unrelated to hoursOffset; thus, focus should be directed to the handling of minutesOffset in lines 279-281. Ensure that minutesOffset values are validated correctly to avoid out-of-range errors. The functionality related to hoursOffset appears to be implemented correctly, with proper usage and exception handling. Further investigation is recommended on lines 279-281 to identify the source of the minutes offset issue.",36.69,0.8553547263145447
0,11,16,"The bug report involves the `hoursOffset`, which correctly accepts integer values between -23 and 23, as specified. The argument -2 is valid within this range, meaning the conditional check on line 276 will pass and move to subsequent checks. 

The exception raised concerns minutes being out of range, as indicated by the message generated when the code reaches line 279, where `minutesOffset` is evaluated. This suggests that the underlying issue is associated with the `minutesOffset`, which should fall within the valid range of -59 to 59.

It is important to note that both the usage and declaration of `hoursOffset` are correct; thus, it does not contribute to the exception regarding minutes. The exception handling appears to be functioning as intended. Additionally, the lack of proper source viewing tools raises uncertainty, yet there is no evidence suggesting misuse of the `hoursOffset` within the context of this issue. The focus should remain on lines 279-281 concerning the `minutesOffset`, as that is where the problem lies.",42.31,0.8315383195877075
0,12,16,"The bug is not related to the `hoursOffset` parameter, which correctly accepts negative values from -23 to 23. The program checks this value properly on line 276, where the condition appropriately handles the valid input range. However, the exception being thrown is due to minutes being out of range, specifically when the code reaches line 279, where it checks the `minutesOffset`. This parameter is an integer expected to be between -59 and 59. 

The conditional logic for `minutesOffset` may be the source of the issue, rather than any misuse of `hoursOffset`. The error message about ""Minutes out of range"" confirms that the failure is occurring after the `hoursOffset` checks. All types are correctly declared as integers and seem to be handled as expected throughout the relevant code sections. 

In summary, to resolve the bug, focus on analyzing the conditions applied to `minutesOffset` in lines 279-281, as the exception is triggered by this part of the code, not by the `hoursOffset` handling.",51.07,0.8845089673995972
0,13,16,"The bug is not related to the `hoursOffset` parameter, which correctly accepts negative numbers within the range of -23 to 23, as specified. The conditional clause for this range is correctly implemented, and since the argument -2 falls within it, the program correctly bypasses the related checks on lines 276-278. 

The exception message indicating ""Minutes out of range"" arises from the conditions checked on line 279 concerning `minutesOffset`, which accepts integer values from -59 to 59. This suggests that the issue lies with the handling or validation of the `minutesOffset`, not the `hoursOffset`.

Therefore, the failure occurs in the conditional statement on line 279, which checks the `minutesOffset`. Since there are no issues with `hoursOffset` based on its declaration and usage—both in exception handling and conversion to `hoursInMinutes`—the focus should be on the logic related to `minutesOffset` on lines 279-281.",39.37,0.886367917060852
0,14,16,"The issue at hand involves the handling of the `hoursOffset` and `minutesOffset` parameters in the code. The `hoursOffset` is correctly defined to accept values between -23 and 23, and the current conditions on lines 276-278 are appropriate for validating this range. Specifically, an argument of -2 is valid and therefore does not trigger any exceptions in this part of the code.

The exception being encountered, indicating ""Minutes out of range,"" arises from the conditional check on line 279, which deals with the `minutesOffset`, not the `hoursOffset`. The `minutesOffset` is expected to be an integer within the range of -59 to 59. As a result, the issue is not with the `hoursOffset` parameter, which is functioning as intended, but instead with how `minutesOffset` is being validated.

In summary, the bug relates exclusively to the conditional handling of the `minutesOffset` and should be addressed in the check at line 279.",50.06,0.9238402247428894
0,15,16,"The bug report indicates that the parameter `hoursOffset` accepts negative numbers within the range of -23 to +23 and is functioning correctly according to the specified conditions. The argument -2 is valid and falls within this range, thus the first conditional check on line 276 does not trigger any exceptions. 

The exception being encountered, which states ""Minutes out of range,"" arises from the conditional statements at lines 279-281, indicating that the issue is related to the variable `minutesOffset`, not `hoursOffset`. The parameter `minutesOffset` accepts integer values from -59 to 59, and it is this variable that needs to be examined for potential out-of-range issues.

In summary, the failure is not related to `hoursOffset`—all related inputs are valid—but instead lies within the handling of `minutesOffset`, suggesting that this is where the corrective action is needed. The usage of `hoursOffset` appears correct, and further investigation into the logic and conditions concerning `minutesOffset` should be prioritized to resolve the exception.",27.96,0.8939734101295471
0,16,16,"The bug pertains to a conditional error in the handling of `hoursOffset` and `minutesOffset`. The `hoursOffset` accepts negative values between -23 and 23, as specified, and the conditional clause for this range is functioning correctly. An example with the argument `-2` confirms that it falls within the acceptable range; therefore, the check on line 276 passes without triggering an error, allowing the program to proceed to the next conditional check.

The actual exception being encountered, which states ""Minutes out of range,"" arises from a failure in the conditional check related to `minutesOffset` on line 279. The issue is isolated to this section of the code, indicating that while the `hoursOffset` variable is correctly defined and utilized, it is unrelated to the exception being thrown. The offending limits for the `minutesOffset` should be within -59 to 59, which requires further investigation as the error message indicates that the minute variable is the source of the problem. Thus, the focus should be on correcting the logic or bounds for the `minutesOffset` rather than the `hoursOffset`.",37.94,0.8676955103874207
10,1,9,"The issue arises from the variable `g`, which must be within the range of 0 to 255. Currently, a value of -0.5 is being passed to `g`. This likely occurs during a calculation that results in `g` being negative, violating the required bounds. To fix this bug, ensure that `g` is assigned a value that is always within the acceptable range of 0 to 255, preventing any negative values from being processed.",65.32,0.7230849862098694
10,2,9,"The bug arises from an invalid value being passed for the 'g' parameter, which should be within the range of 0 to 255. Currently, -0.5 is being passed, which results in 'g' falling below the expected lower bound. Additionally, the color values must be within the range of 0.0 to 1.0. To fix the issue, ensure that the 'g' value is always converted to fall within the required bounds before it is processed.",65.12,0.8018934726715088
10,3,9,"The bug arises from passing an invalid value for the ""g"" parameter in a color calculation. The value for ""g"" should be constrained within the range of 0 to 255 but a value of -0.5 is being passed instead. This could lead to ""g"" becoming negative after calculations, which is outside the valid range for the Color object. To fix this issue, ensure that the input for ""g"" is properly clamped to remain within the valid range, potentially based on the specified upperBound and lowerBound values which should be between 0.0 and 1.0. Adjust the calculations to prevent ""g"" from exceeding these limits.",65.01,0.8484401106834412
10,4,9,"The bug arises from the handling of the ""g"" variable, which should fall within the range of 0 to 255. Currently, it is being assigned a value of -0.5, leading to an invalid color parameter. Furthermore, the expected range for the color values is between 0.0 and 1.0, but ""g"" may exceed this range due to improper calculations. 

Additionally, there is a misuse of variables: on line 117, the variable ""value"" is incorrectly referenced when it should actually be ""v."" This misuse can result in ""value"" exceeding the specified bounds of ""this.lowerBound"" and ""this.upperBound,"" further contributing to the problem. 

To fix this bug, ensure that:
1. The ""g"" variable is clipped to lie within the range of 0 to 255 before use.
2. The color parameters are validated to remain within 0.0 and 1.0.
3. Replace ""value"" with ""v"" on line 117 to maintain the correct logic and prevent out-of-bound errors.",69.68,0.8101956248283386
10,5,9,"The bug arises from improper handling of the variable ""g"" within a color-related calculation. The value of ""g"" is expected to remain within the range of 0-255, but the code is currently passing a value of -0.5, which is invalid. Additionally, values for the color must be between 0.0 and 1.0, and if not managed properly, ""g"" may exceed the permissible limits of -255 or 255, rendering it unusable for the Color object.

A crucial mistake in the code is the incorrect use of the variable ""value"" on line 117; it should be replaced with ""v"" to maintain the intended bounds. The current use of ""value"" allows it to exceed the defined boundaries of ""this.lowerBound"" and ""this.upperBound,"" which is contributing to the error. 

To fix the bug, ensure the variable ""g"" remains within the valid range, and replace ""value"" with ""v"" on line 117 to prevent any out-of-bounds errors related to color values.",65.83,0.8426510095596313
10,6,9,"The bug is related to the handling of color values, specifically the variable ""g."" This variable is supposed to represent a color component that must fall within the range of 0 to 255. Currently, it appears that there is an incorrect calculation leading to negative values, such as -0.5, being passed in. This is not valid and suggests that ""g"" could exceed the expected bounds of 0 and 255.

Additionally, the code suffers from an incorrect usage of variables; on line 117, the variable ""value"" is mistakenly used when it should be ""v."" This could lead to ""value"" exceeding the range defined by ""this.lowerBound"" and ""this.upperBound,"" resulting in further invalid outputs.

Moreover, there is a lack of validation for the lower range of values, allowing negative numbers to be processed without any sanitation. To address these issues, ensure that:
1. All color component values, particularly for ""g,"" are clamped within the 0-255 range.
2. Replace the incorrect use of ""value"" with ""v"" on line 117.
3. Implement checks to validate that any input values fall within a valid range before processing.",58.38,0.8332886695861816
10,7,9,"The bug in the program arises from improper handling of color values, specifically the green component ""g"". This value must lie within the range of 0 to 255, but the code currently allows for negative inputs, such as -0.5, which leads to invalid values for the Color object. 

The method fails to sanitize inputs against the lower bound, meaning negative numbers are not correctly checked. Additionally, on line 117, there is a misuse of the variable ""value""; the variable ""v"" should be used instead. The argument ""value"" is compared against ""this.lowerBound"" and ""this.upperBound"", but since ""v"" is not utilized later in the code, the negative input directly impacts the calculation. Consequently, this results in ""g"" potentially being negative or exceeding 255, both of which are invalid. 

To fix this bug, ensure that the variable ""v"" is used correctly and that all inputs are sanitized to prevent negative values from being processed.",56.15,0.8195955753326416
10,8,9,"The bug occurs when passing a value for the color component ""g"" that is outside the expected range of 0 to 255. Specifically, a value of -0.5 is being used, which leads to negative calculations that violate this constraint. The lower and upper bounds for color components must be between 0.0 and 1.0, and if these bounds are not properly checked, it can result in the color component exceeding valid thresholds.

Additionally, there is an error related to variable usage in the code. On line 117, the variable ""value"" is mistakenly used instead of ""v"" that holds the processed value based on the specified bounds. This can result in the function not correctly sanitizing negative numbers, causing ""value"" to exceed the defined lower and upper bounds.

To fix this bug, ensure the following:
1. Replace all instances of ""value"" with ""v"" where necessary.
2. Implement a check to sanitize input values, confirming they fall within the valid range before any calculations are performed.
3. Ensure that color components are clamped to the range of 0 to 255 to avoid throwing an `IllegalArgumentException` due to inappropriate argument values.",56.86,0.8161046504974365
10,9,9,"The bug arises from improper handling of color values in the code. The variable ""g"" must be in the range of 0 to 255; however, it is currently being assigned a value of -0.5, which is not valid. The method has no checks to ensure that values are positive, leading to the potential for negative numbers that violate the expected constraints. 

Specifically, the variable ""value"" is mistakenly used on line 117 when it should be ""v."" This inconsistency can cause ""value"" to exceed the limits set by ""this.lowerBound"" and ""this.upperBound,"" resulting in an inappropriate value for the Color object. The Color constructor requires float parameters to be between 0.0 and 1.0, which adds further restrictions that are not currently respected. 

To fix the bug, ensure that all color values are validated against the appropriate ranges and replace instances of ""value"" with ""v"" to ensure the correct variable is being used. Additionally, implement checks to sanitize inputs, ensuring no negative values are passed into the Color constructor.",58.48,0.8004232048988342
16,1,14,"The bug relates to the use of CharSequence, which is a base class for various character sequence subclasses. It provides uniform, read-only access to character sequences. This is appropriate in the context where we need consistent handling of different character sequences. To fix the bug, ensure that the implementation uses CharSequence correctly, leveraging its capabilities for handling character data without modification.",30.57,0.5426700115203857
16,2,14,"The bug arises from the handling of the input, specifically related to its type. While the variable `input` is functioning as a placeholder for actual input data, the problem originates from how this data is being processed. The usage of the `CharSequence` base class, which offers uniform read-only access to various character sequence implementations, is appropriate for ensuring that input can be managed correctly. Therefore, the focus should be on addressing how the actual input data is being handled rather than the `input` variable itself.",41.4,0.6347092390060425
16,3,14,"The issue lies not with the variable `input`, which serves merely as a placeholder for the actual input data, but with the handling of the input itself. Utilizing the `CharSequence` type is appropriate here, as it offers uniform read-only access to various character sequences and will prevent a `StringIndexOutOfBoundsException` error.",29.18,0.8602128028869629
16,4,14,"The issue does not lie with the variable `input`, as it serves merely as a placeholder for the actual input data. Instead, the problem is related to the actual content being processed. It is important to note that using the `CharSequence` type ensures uniform read-only access and prevents `StringIndexOutOfBoundsException` errors. Therefore, the implementation of `CharSequence` itself is not problematic, and the focus should be directed towards the content being handled.",36.79,0.8168856501579285
16,5,14,"The bug appears to originate from the assertion rather than the handling of the input variable itself. The variable 'input' serves merely as a placeholder for the actual string being processed. When tested with the input ""bob"", it was successfully written to a file, indicating that there are no issues with the CharSequence type being used, as it provides uniform read-only access and does not result in a StringIndexOutOfBoundsException. Thus, the focus should be on reviewing the assertion logic to identify the source of the problem.",49.65,0.7241008877754211
16,6,14,"The issue at hand may be related to the assert statement, rather than the variable `input` or its usage. The variable `input`, defined as a CharSequence, is functioning as a placeholder for the actual input and is appropriately used for read-only access. Tests conducted with the input ""bob"" confirm that it was correctly written to a file, indicating no problems with how the input is defined or utilized. Additionally, using CharSequence will not lead to a StringIndexOutOfBoundsException error. Therefore, careful examination of the assert statement is necessary to identify the root cause of the bug.",43.73,0.7298789024353027
16,7,14,"The bug arises from an incorrect assumption about the use of the `input` variable, which is defined as a `CharSequence`. While `CharSequence` provides uniform read-only access and helps prevent `StringIndexOutOfBoundsException`, the problem likely originates from how another part of the code interacts with this input. 

The `input` variable itself is correctly defined and appropriately used to determine the length required for iterations. The issue is not within the variable nor its definition, but rather in an assertion or another line of code that attempts to access an index that exceeds the bounds of the `input` CharSequence.

To fix the bug, carefully review the assertions or index accesses following the use of the `input` variable to ensure that all index values are valid and within the bounds determined by the `input` length.",44.88,0.8530937433242798
16,8,14,"The bug appears to stem from an issue unrelated to the `input` variable, which merely serves as a placeholder for actual input and is correctly defined and utilized according to the CharSequence class. The `input` variable is exclusively used to determine the length for iteration purposes and does not directly manipulate any indices that could lead to a `StringIndexOutOfBoundsException`. The problem likely resides in an assertion or another part of the code where an index is being accessed that exceeds the defined bounds of the input data. Testing with the input ""bob"" confirmed that data was correctly written to a file, indicating that the `input` handling itself is not where the issue lies. To resolve the bug, further investigation of the assertion and any related index accesses in the code is necessary.",36.22,0.8586632013320923
16,9,14,"The bug seems to stem from an issue unrelated to the variable `input`, which is correctly defined as a `CharSequence`. This type provides uniform read-only access to various character sequence classes, and its usage does not lead to a `StringIndexOutOfBoundsException`. The `input` variable serves solely to retrieve the length from the `CharSequence`, which dictates the iteration count in subsequent processes. 

The actual problem likely lies with an assertion or another part of the code that attempts to access an index that does not exist, resulting in the exception. Testing with the string ""bob"" shows that it is correctly written to a file, reinforcing the notion that `input` itself is not the source of the error. In summary, focus on examining other calls or lines of code that may attempt to use an undefined or out-of-bounds index.",48.43,0.8341128826141357
16,10,14,"The bug appears to be related to an `StringIndexOutOfBoundsException`, which is not caused by the variable ""input"" itself, as it is correctly defined as a CharSequence. This base class allows for uniform read-only access and is appropriately used in this context. The variable ""input"" serves only to determine its length via the CharSequence class and is not manipulated in a way that would lead to the exception.

Instead, the issue likely arises from another part of the code, possibly in a loop that attempts to access an index that exceeds the bounds of the character sequence. Additionally, there’s a potential for ""input"" to be null, which could also lead to an exception during iteration. The assertion does not appear to be at fault, as testing with the input ""bob"" successfully writes to a file. To resolve the issue, examine the loop where the character indices are accessed, ensuring that the indices remain within the valid range and that null checks for ""input"" are in place.",55.98,0.8070342540740967
16,11,14,"The bug appears to be related to an index out of range error, specifically a `StringIndexOutOfBoundsException`, which likely occurs within a loop that attempts to access characters at specific indices of the input. While the variable `input`, defined as a `CharSequence`, is correctly utilized to determine the length for iteration, there are concerns that the input could potentially be null or that the loop is attempting to access indices that exceed the length of the input.

It's important to note that the variable `input` itself is not the source of the problem; it simply acts as a placeholder for actual input data. The `CharSequence` type is appropriate for this use case, ensuring uniform read-only access to the string representation. Moreover, there are no visible issues with how `input` is defined or used in the method signature.

To resolve the bug, you should check the following:
1. Ensure that the `input` variable is not null before proceeding with any operations.
2. Review the logic inside the loop to confirm that all index accesses are within the valid range of the `CharSequence`’s length. This can often prevent access to indices that do not exist and thereby avoid the `StringIndexOutOfBoundsException`.",49.25,0.8315160870552063
16,12,14,"The bug relates to an `index out of range` error, which is not caused by the use of the `input` variable, defined as a `CharSequence`. The `input` variable simply serves to obtain the length from the `CharSequence`, determining how many iterations are necessary in processing. There are no visible issues with the variable's declaration or usage, and it is not manipulated in a way that would lead to a `StringIndexOutOfBoundsException`. 

Instead, the error likely occurs during a different operation within a loop, where the code attempts to access an index that is undefined or out of bounds. It's also possible that the `input` variable could be `null`, leading to further complications in the loop's logic. Lastly, the assertion checks are not linked to the issue at hand, as tests on input values (e.g., ""bob"") indicate correct outputs. 

To resolve the issue, ensure proper null checks on the `input` variable and audit the indexing operations in the loop for any potential out-of-bound access.",50.87,0.7817934155464172
16,13,14,"The bug in question seems to be related to an `index out of bounds` error, which arises when trying to access a character at a position that is not present in the input. 

Key points for understanding and addressing the issue include:

1. **Input Variable**: The variable `input`, of type `CharSequence`, appears to be defined correctly and is not the source of the error. It is used solely to determine the length for iteration during processing, and there are no manipulations that would cause a `StringIndexOutOfBoundsException`. 

2. **CharSequence Definition**: CharSequence is a valid and appropriate data type for representing character sequences in Java. It provides uniform read-only access to character data and does not inherently introduce any issues.

3. **Null Input Consideration**: One potential problem is that `input` could be `null`, leading to exceptions when attempting to access its length or characters. This should be validated before use.

4. **Location of Error**: The error is likely occurring within a loop where an index access is attempted. The assertion tests with valid inputs (like ""bob"") confirm that the output can be written correctly, indicating that the issue is related to index calculations rather than the method's structure or the definition of `input`. 

5. **Testing and Debugging**: Further tests should focus on scenarios where the input might be null or where the loop's index accesses values that do not exist.

In summary, ensure that the input is not null and verify where the index accesses are made to avoid exceeding the bounds defined by the actual length of `input`.",49.75,0.8073204755783081
16,14,14,"The bug appears to be related to an index out of bounds error, specifically a `StringIndexOutOfBoundsException`. The variable `input`, defined as a `CharSequence`, is being used correctly to define the length for iterations. Its usage does not seem to be the source of the problem since it is not manipulated in a way that leads to an exception. 

However, there are potential issues with the implementation surrounding the usage of `input`. If `input` is null or empty, the error may arise during iterations, particularly when attempting to access an index that does not exist. It is essential to check that `input` is neither null nor empty before proceeding with any operations that involve indexing.

Furthermore, it seems that the assertion within the code is not aligned with the underlying logic. Testing with a sample input like ""bob"" indicates that the assertion works correctly, as this value is written to a file without issue. Thus, any problems are likely occurring in the loop where indices are accessed, rather than in the definition or basic utilization of `input`. 

In summary, ensure proper null and empty checks for the `input` variable and investigate the logic in the loop for index access to resolve the `StringIndexOutOfBoundsException`.",42.51,0.8180700540542603
33,1,13,"The bug appears to be related to the calculation of the `MaxMiddleIndex`. Although the `period` variable is assigned to set the `start`, `end`, and `middle` variables, these variables are not utilized in the logic for computing `MaxMiddleIndex`. As a result, the values of `start`, `end`, and `middle` do not influence whether the calculation succeeds or fails. To address this issue, review the logic surrounding `MaxMiddleIndex` to ensure the intended variables are correctly integrated into the calculation.",43.73,0.6704268455505371
33,2,13,"The bug originates from the way the ""period"" variable is handled in the program. Although the ""period"" variable is used to define the start, end, and middle variables, these derived variables are not utilized in the calculation of the MaxMiddleIndex. Consequently, it appears that the ""period"" variable does not directly contribute to the failure, as its definition and use in the program for extracting the start and end times are functioning correctly. To address the issue, the logic for calculating MaxMiddleIndex should be reviewed to incorporate these variables appropriately.",40.38,0.6615288257598877
33,3,13,"The bug appears to be unrelated to the ""period"" variable, which is used correctly to extract the start and end times of the time period. The variables set by ""period"" do not affect the calculation of MaxMiddleIndex, indicating they likely do not contribute to the failure. Rather, the issue seems to lie within the `add` method that takes `SimpleTimePeriod` as its first parameter, where further investigation is recommended.",39.97,0.6084489822387695
33,4,13,"The issue does not stem from the ""period"" variable, which is correctly defined as a TimePeriod and utilized to extract the start and end times for the time interval. Although the ""period"" variable is used to determine the start, end, and middle variables, these are not utilized when calculating the MaxMiddleIndex, suggesting they do not contribute to the failure. Therefore, the problem is likely related to the add method that takes SimpleTimePeriod as its first parameter, rather than the definition or use of the period itself.",42.34,0.6133981943130493
33,5,13,"The ""period"" variable, defined as a TimePeriod, is used to set the start, end, and middle variables; however, these variables are not utilized in the calculation of the MaxMiddleIndex. This suggests that the period's definition and usage are not contributing to the failure in the program. The primary concern may lie in the add method that accepts a SimpleTimePeriod as its first parameter. While the ""period"" variable itself appears to be defined correctly, the potential confusion arising from similarly named constructs (TimePeriod and TimePeriodValue) might lead to errors in interpretation. Therefore, investigate the add method for issues that could be causing the failure, while acknowledging that the period variable itself likely isn't the source of the problem.",39.26,0.6001020669937134
33,6,13,"The ""period"" variable is defined correctly as a TimePeriod and is consistently used across the relevant methods, particularly in the updateBounds() method, which expects a TimePeriod argument. It is passed appropriately by the calling methods, recalcuateBounds() and add(). This indicates that the definition and use of ""period"" are not contributing to the bug.

However, the failure does not seem to stem from the ""period"" variable itself, as it is primarily utilized to set the start, end, and middle variables, which are not involved in the calculation of the MaxMiddleIndex. There is a suspicion that the issue lies within the add method, specifically the version that takes SimpleTimePeriod as the first parameter. 

While the naming conventions may lead to confusion—given that there is a TimePeriod called ""period"" alongside TimePeriodValue—this does not appear to be the source of the problem. All indications suggest that the ""period"" variable is functioning correctly, and attention should be focused on the add method for further investigation.",39.77,0.684293806552887
33,7,13,"The ""period"" variable is defined and used correctly within the program. It is a TimePeriod that successfully extracts the start and end times for the time calculations. The methods recalcuateBounds() and add() pass it to updateBounds() without any issues. However, it is noted that the variables start, end, and middle, derived from ""period,"" are not utilized in calculating the MaxMiddleIndex, indicating they do not influence the observed failure.

While the use of ""period"" itself appears sound, potential confusion may arise from the similar terms ""TimePeriod"" and ""TimePeriodValue."" The primary concern seems to lie within the add method, specifically the variant that takes SimpleTimePeriod as the first parameter. Further investigation into this method may help identify the root cause of the failure.",45.46,0.6662207841873169
33,8,13,"The ""period"" variable is correctly defined as a TimePeriod and is used appropriately in the program. It serves as a formal parameter in various methods, including updateBounds(), which receives it correctly from calling methods such as recalculateBounds() and add(). The extraction of start and end times from ""period"" does not appear to play a role in the observed failure, suggesting that the issue lies elsewhere. It is worth noting that the naming conventions could potentially lead to confusion with the use of similar terms like TimePeriod and TimePeriodValue. However, all method calls, including getStart() and getEnd(), involving the ""period"" variable seem to function correctly. Further investigation may be needed in the add method that accepts SimpleTimePeriod as its first parameter, as it might be contributing to the failure.",41.4,0.58930903673172
33,9,13,"The issue appears unrelated to the ""period"" variable. It is correctly defined as a TimePeriod and is consistently used in method calls such as updateBounds(), which is invoked by recalcuateBounds() and add(), to extract start and end times. While ""period"" seems to serve its intended purpose as a formal parameter for passing TimePeriodValue, there may be confusion due to the similar naming between ""period"" and TimePeriodValue. The failure likely lies within the add method that takes SimpleTimePeriod as the first parameter rather than in the handling of the ""period"" variable itself.",39.87,0.6007729768753052
33,10,13,"The ""period"" variable in question is defined correctly as a TimePeriod and is used to extract the start and end times necessary for the method calls involved in updating bounds. It serves as a formal parameter for the methods `recalculateBounds()` and `add()`, which pass it to `updateBounds()`. All associated method calls, such as `getStart()` and `getEnd()`, are accurately implemented, and there seems to be no issue with the usage of ""period"" in the source code.

The bug that is being investigated does not appear to stem from the implementation or definition of the ""period"" variable itself. Instead, the potential problem might lie within the `add` method that takes the SimpleTimePeriod as its first parameter. It's important to note that while the naming of ""period"" may cause some confusion due to the existence of the TimePeriodValue, this should not contribute to the functionality failure.

In summary, while the variable ""period"" is utilized correctly, further investigation into the `add` method logic may be necessary to identify the source of the failure.",38.55,0.6087327003479004
33,11,13,"The issue appears not to be with the ""period"" variable, which is defined correctly as a TimePeriod and used appropriately in the program. It is passed correctly to the method updateBounds() from both recalcuateBounds() and add(). All associated method calls, such as getStart() and getEnd(), also seem to function as expected. While the naming (having both a TimePeriod called ""period"" and a TimePeriodValue) might be confusing, there is no indication that this is causing the failure. 

The problem may lie within the add method that accepts SimpleTimePeriod as its first parameter. It has been suggested that there could be issues there that are contributing to the failure, rather than with the ""period"" variable itself. Since there are no compile-time errors related to the type of ""period,"" it can be concluded that its definition and usage are correct. Further investigation into the add method may be necessary to identify the root cause of the issue.",51.89,0.5757807493209839
33,12,13,"The bug does not appear to be related to the ""period"" variable itself, which is correctly defined as a TimePeriod and used appropriately in the context of the program. This variable serves as a formal parameter for methods like updateBounds(), which receives it correctly from calling methods such as recalculateBounds() and add(). The start, end, and middle variables derived from ""period"" are not utilized when calculating MaxMiddleIndex, suggesting they do not influence the failure.

While there may be some confusion surrounding the use of terms like TimePeriod and TimePeriodValue, the implementation of ""period"" does not seem to present any issues pertinent to the bug. Additionally, all method calls associated with ""period"" (like getStart() and getEnd()) are functioning as intended. No errors indicating a problem with the type of ""period"" have been encountered, implying that if there were an issue, it would have resulted in a compile-time error. Thus, the suspicion may lie elsewhere, particularly in the add method that utilizes SimpleTimePeriod as a parameter. Further investigation into that specific method could yield insights into the root cause of the failure.",40.18,0.6634774208068848
33,13,13,"The ""period"" variable is defined correctly as a TimePeriod and is used appropriately throughout the source code. It serves as a parameter to methods such as `updateBounds()` and is correctly passed by `recalculateBounds()` and `add()`. All calls to ""period"" (e.g., `getStart()` and `getEnd()`) are functioning as intended, and there does not appear to be any issues associated with its definition or use.

However, the root cause of the failure seems to be unrelated to the ""period"" variable. Instead, the issue may stem from the incorrect usage of `minMiddleIndex` rather than `maxMiddleIndex` in lines 299 and 301, which could be leading to the observed failure. Additionally, while the naming conventions may cause some confusion (such as having both ""TimePeriod"" and ""TimePeriodValue""), this does not appear to contribute to the problem at hand. 

Overall, the ""period"" variable is functioning correctly, and the focus should shift towards the logic concerning the `minMiddleIndex` and `maxMiddleIndex` calculations.",43.73,0.7816551327705383
70,1,14,"The bug arises from the function designed to accept an array of objects of type T. It was called with `stringArray`, which is a valid array. However, the mismatch between the expected type and the actual contents of `stringArray` (strings instead of objects of type T) causes unexpected behavior. To fix the bug, ensure that `stringArray` contains objects of the correct type T before passing it to the function.",62.38,0.5758285522460938
70,2,14,"The bug arises from the function that expects an array of objects of type T but is called with a parameter named stringArray. Although stringArray is an array, there may be a mismatch between the expected type T and the actual type of the objects within stringArray, potentially leading to issues during execution. To resolve the bug, ensure that stringArray contains elements of the expected type T before calling the function.",47.42,0.6064468622207642
70,3,14,"The bug appears to stem from a type mismatch involving the variable `array`, which is defined as an array of objects of type T. The function was called with `stringArray` as a parameter, which is indeed an array. However, the operation may be failing due to type incompatibility if the passed `stringArray` does not conform to the expected type T. This issue is primarily related to compiler type checks that should identify such mismatches, indicating that further investigation into the type definitions and the specific array being passed is necessary to resolve the issue.",39.16,0.6334760189056396
70,4,14,"The issue arises from the function being called with `stringArray` as a parameter, which is defined as an array of objects of type T. While the definition itself seems correct, there are type compatibility problems that can occur when an array type incompatible with the expected output type is passed. This suggests that the failure may be due to an object being improperly assigned or coerced into a String, leading to type errors that the compiler should ideally catch. There are currently no string-related errors evident in the marked code, indicating that the root cause likely lies in the handling of types and their respective assignments.",44.58,0.6207928657531738
70,5,14,"The bug arises from the handling of array types in a function that expects an array of objects of type T. The function was invoked with `stringArray`, which correctly is an array. However, there are type compatibility issues that the compiler is supposed to catch. Specifically, the problem stems from an object being improperly cast to a String. It appears that the casting at line 3290, where `copyArrayGrow1` returns an object instead of the expected type, is causing the failure. This mismatch is likely leading to type errors that aren't being managed appropriately. To fix the bug, ensure that the objects being passed match the expected output type and review the casting at line 3290 for correctness.",54.52,0.794693112373352
70,6,14,"The bug appears to stem from a type mismatch occurring during the execution of a function that takes an array of objects of type T as a parameter. While the function was correctly called with `stringArray`, which is indeed an array, there are specific issues related to type compatibility that the compiler may not catch. 

The primary concern lies in the casting operation at line 3290, where the function `copyArrayGrow1` returns an object instead of the expected type. This indicates that an object is being incorrectly placed into a string while processing. Although the function definition is correct, the improper casting is leading to the failure. 

To resolve this bug, it is essential to ensure that the returned object from `copyArrayGrow1` is compatible with the expected output type, preventing any type-related errors during execution.",40.38,0.7881579995155334
70,7,14,"The bug arises from a type casting issue in the method `copyArrayGrow1`, which returns an object. When this object is being type cast to a String on line 3290, a runtime error occurs because an object cannot be directly cast to a String. While the array defined as an array of type T and the function call with `stringArray` appear correct, the actual problem lies in the incompatibility between the object returned by `copyArrayGrow1` and the expected String type. The compiler should ideally catch these type mismatches, but in this instance, it does not prevent the casting error during runtime. To fix the bug, ensure that the return type of `copyArrayGrow1` is compatible with the expected String type, or perform a proper type check before casting.",54.36,0.8314608335494995
70,8,14,"The bug arises from type incompatibility when calling the function. The function expects an array of type T, which seemed correct when we passed in `stringArray`. However, the issue occurs in the method `copyArrayGrow1`, which returns an `Object`. In line 3290, there is an attempt to cast this returned object to a `String`, which is not valid.

While the use of `array` as an array of type T is appropriate, the casting issue signifies that the object returned by `copyArrayGrow1` is incompatible with the expected `String`. This type problem is likely to be caught by the compiler, indicating that proper type checks must be enforced before any casting occurs. 

To resolve this bug, you need to ensure that the return type of `copyArrayGrow1` is compatible with the expected output, or change the casting logic to handle the object type correctly.",59.64,0.8285043835639954
70,9,14,"The bug arises from an incorrect type casting in the function where the method `copyArrayGrow1` returns an `Object`, but it is being cast to a `String` on line 3290. This is causing a type compatibility issue. Although the `array` variable is correctly defined as an array of objects of type T, and the function was called with `stringArray` as the parameter, which is indeed an array, the failure is specifically related to the casting of the returned object to a string.

To fix the bug, ensure that the return type of `copyArrayGrow1` is compatible with the type you intend to work with, or adjust the casting on line 3290 accordingly. There should be safeguards in place, as the compiler should catch these type-related problems when incompatible types are used.",53.75,0.8284040689468384
70,10,14,"The bug stems from a type mismatch during a function call involving the variable `array`, which is defined as an array of objects of type T. The function was called with `stringArray` as the parameter, which is indeed an array; however, issues arise from the return type of the method `copyArrayGrow1`. This method returns an Object, and on line 3290, an attempt is made to cast this Object to a String. Since an Object cannot be directly cast to a String, this results in a type error. 

In summary, the main issue is the improper casting of an Object to String during the operation on line 3290. To fix the bug, ensure that the method's return type or the type of the variable receiving the return value is compatible with the expected String type.",65.76,0.8172541260719299
70,11,14,"The bug appears to stem from a type incompatibility issue involving the function `copyArrayGrow1`, which returns an Object, while a subsequent operation attempts to cast this Object to a String on line 3290. Although the variable `array` is correctly defined as an array of objects of type T and the function was called with a parameter `stringArray`, the casting is likely where the failure occurs. The compiler should catch type-related problems; however, it seems that an object is being incorrectly cast to a String, which is not permissible. 

In summary, the main issue is the attempted cast of an Object to a String after invoking `copyArrayGrow1`, which needs to be addressed to resolve the bug.",42.24,0.8118771314620972
70,12,14,"The bug arises from a type casting issue in the function where an array of objects (defined as type T) is passed to the method `copyArrayGrow1`, which returns an Object type. The function is called with `stringArray` as a parameter, which is indeed an array; thus, the initial declaration appears correct. However, the cast in line 3290 attempts to cast the returned Object to a String, which leads to a `ClassCastException` when the object cannot be converted to a String.

The method `add` that is defined as `public static Object[] add(Object[] array, Object element)` is responsible for copying the given array and adding an element at the end. If the input array is null, it will return a new single-element array of the element's type. However, if the input element is also null, it returns an Object array. This behavior further complicates type consistency when calling methods assuming the element is always a String.

To fix the bug, ensure that the object returned from `copyArrayGrow1` is either explicitly checked for its type or ensure the return type aligns with the expected String type, avoiding any inappropriate casting that leads to runtime exceptions.",47.12,0.7958380579948425
70,13,14,"The bug arises from an improper type casting in the method `copyArrayGrow1`, which returns an Object. The casting attempt on line 3290, where an Object is being cast to a String, is causing a `ClassCastException` since an Object is not inherently a String. 

The function `add` is defined to copy an input array and append an element. If the input array is null, it returns a new one-element array of the same type as the element. However, if the element itself is null, it defaults to returning an Object array. This situation can lead to casting issues when attempting to work with the returned Object as a specific type, especially if the calling code expects a String array.

Overall, the declaration of the variable `array` as an array of type T appears correct, and there are no keyword issues with its name. The core problem lies in the incorrect assumption that an Object can be cast to a String without proper validation or checks. To fix the bug, ensure that any casting from Object to String is valid and that Object is indeed an instance of String prior to casting.",58.52,0.8253618478775024
70,14,14,"The bug arises from a type casting issue in the method `copyArrayGrow1`, which has a return type of `Object`. The function is used to copy an array and add a new element, but if the input array is null, the method returns a new array that is of type `Object[]`. 

The failure occurs at line 3290, where an attempt is made to cast the returned `Object` to a `String`. This results in a `ClassCastException` as an `Object` cannot be directly cast to a `String`. Additionally, if the element being added to the array is null, it can lead to complications during the type-checking process since the generic argument allows for the creation of an `Object[]` array. 

The main issue is not with the array declaration or the parameter types in the function; they are correctly defined to accept a generic array of type `T`. The actual problem lies in the inappropriate handling of the return type of `copyArrayGrow1` and the subsequent casting to `String` when the method's output does not guarantee that the type is compatible with `String`. 

To fix this bug, ensure that the return value from `copyArrayGrow1` is checked for type compatibility before casting. Additionally, handling null cases more gracefully will prevent unnecessary exceptions.",48.23,0.8580572605133057
79,1,11,It appears that everything is functioning correctly.,30.53,0.14600960910320282
79,2,11,"The bug arises because `parsePrint` is incorrectly calling `addNumber` with a string literal. The function `addNumber` is not designed to handle string literals, and there is no issue with the variable `x` within `addNumber`. Therefore, the solution involves modifying `parsePrint` to avoid this incorrect call.",56.25,0.8916473984718323
79,3,11,"The bug occurs because the `parsePrint` function is incorrectly invoking `addNumber` with a string literal, which it should not do. There is no issue with the variable `x` in the `addNumber` function itself. Ensure that `parsePrint` does not call `addNumber` when processing string literals to resolve this issue. The standard declaration appears correct with no observed misuse.",56.96,0.8521106243133545
79,4,11,"The bug arises from the `parsePrint` function, which incorrectly calls `addNumber` when processing a string literal. This call is unnecessary and leads to issues. The variable `x` in the `addNumber` function is used correctly and does not contribute to the error. Ensure that `parsePrint` does not invoke `addNumber` for string literals to resolve the issue.",65.93,0.8773925304412842
79,5,11,"The issue arises because the function `parsePrint` is incorrectly calling `addNumber` with a string literal. The variable `x` is correctly declared and used as a type `double`, and there are no apparent misuses. The conversion of `x` during processing in `addNumber` is appropriate, but the function should not be invoked with a string literal as an argument. To fix this bug, ensure that `parsePrint` only calls `addNumber` with valid numeric inputs.",53.41,0.8739088773727417
79,6,11,"The issue arises from the `parsePrint` function incorrectly calling `addNumber` with a string literal, which is unnecessary since `addNumber` is designed to handle numeric values. The variable `x` is correctly defined and used as a double in `addNumber`, and there is no misuse present in its declaration or usage. The automatic type conversion during processing should not lead to an error if `addNumber` receives the appropriate data type. To fix the bug, ensure that `parsePrint` only invokes `addNumber` with valid numeric inputs.",50.67,0.8574507236480713
79,7,11,"The issue arises from the `parsePrint` function, which incorrectly calls `addNumber` when it should not, specifically for string literals. While the usage of the variable `x` (a double) in `addNumber` is syntactically correct and should not cause any errors, there is a type conversion occurring during processing. The function definition is valid, but the approach taken within `parsePrint` needs to be revised to prevent this erroneous call. Additionally, the use of `valueOf` to convert the double to a string output is acceptable in this context. To fix the bug, ensure that `parsePrint` does not invoke `addNumber` for string literals.",51.38,0.8299151659011841
79,8,11,"The bug arises from the function parsePrint incorrectly calling addNumber with a string literal. The variable x, of type double, is used correctly and doesn't itself cause any issues; the type conversion that occurs during processing is appropriate. Additionally, using valueOf to convert the double to a string output is valid. Therefore, the primary fix needed is to ensure that parsePrint does not invoke addNumber when dealing with string literals.",53.71,0.7789884805679321
79,9,11,"The bug appears to stem from a misunderstanding of method calls in the code. The function `parsePrint` should not be invoking `addNumber` when dealing with a string literal. While the variable `x` is correctly defined as a double and is used properly, there is no misuse in its declaration or conversion. Additionally, using `valueOf` is an acceptable method to convert the double to a string. 

However, it is crucial to note that the test case in question does not directly call the section of code pertaining to `addNumber`, or it may do so indirectly through unseen code, which complicates the diagnosis. To resolve the issue, ensure that `parsePrint` accurately handles string literals without incorrectly calling `addNumber`.",51.89,0.7877283096313477
79,10,11,"The bug involves the `parsePrint` function, which is incorrectly calling `addNumber` for a string literal. There is no issue with the variable `x` in the `addNumber` method; it is defined as a double and is used correctly. Any type conversion of `x` during processing should work fine, as it is acceptable in this context. Additionally, the test case being referenced does not actually invoke the `addNumber` method directly, or if it does, it does so through other unseen code, leading to ambiguity. The `valueOf` method can be used appropriately to convert the double to a string output without errors. Therefore, the primary focus should be on correcting the invocation in `parsePrint`.",52.7,0.7858196496963501
79,11,11,"The bug arises from the `parsePrint` function incorrectly calling `addNumber` for a string literal, which it shouldn't do. The variable `x` in `addNumber` is correctly declared as a double and is not the source of the error. It appears that there is no misuse of the variable declaration; by standard convention, the method parameter is declared properly.

Furthermore, the miscommunication seems to stem from the test not directly calling the `addNumber` method or potentially invoking it through unspecified code, making it difficult to trace the issue accurately. The assertion in the test does not use `addNumber` at all, indicating that the source of the error lies elsewhere. 

To resolve the bug, ensure that `parsePrint` does not call `addNumber` with string literals and verify the test cases to confirm they accurately reference the intended methods. Additionally, using `valueOf` to convert doubles to strings should function correctly and not contribute to the error being raised.",49.25,0.7162624597549438
97,1,6,"The bug arises from incorrect classification of the array. This issue may stem from errors in the sorting logic or insufficient criteria for categorizing the elements. To resolve it, review the classification algorithm to ensure it accurately defines the conditions for each category and verify that the array is being processed correctly during the classification phase. Additionally, check for any edge cases that may not be handled appropriately.",28.84,0.5471220016479492
97,2,6,"The bug arises from the incorrect classification of the array due to the lack of a null check for its elements. Specifically, on line 910, the code attempts to dereference `array[i]` without verifying if it is null. This leads to an exception when the second element of the input array is indeed null. To fix the bug, add a null check before dereferencing the array element.",63.19,0.8529523611068726
97,3,6,"The bug occurs due to a lack of null checks for array elements before dereferencing them. Specifically, on line 910, the code does not verify if `array[i]` is null, leading to an exception when processing the second member of the input array, which is null. The implemented template does not accommodate a null pointer, causing the issue. To resolve this, add a null check for `array[i]` prior to dereferencing it.",53.71,0.7451308369636536
97,4,6,"The bug arises from an incorrect classification of the array due to dereferencing a null element. On line 910, there is no check to see if `array[i]` is null before it is dereferenced. The second member of the test input array is, in fact, null, leading to an exception. The template code is not designed to handle a null pointer, which is why the error occurs. Additionally, the `getClass()` method is not defined, further complicating the issue. To fix the bug, ensure that you check for null values in the array before dereferencing, and implement the necessary `getClass()` method.",63.19,0.7126981019973755
97,5,6,"The bug arises from a null pointer being passed into an array, which is not accounted for during dereferencing. Specifically, on line 910, there is no check to confirm whether `array[i]` is null before it is dereferenced. In the provided test input, the second member of the array is null, leading to an exception when the code attempts to invoke `getClass()` on it. To resolve this issue, implement a null check before dereferencing the array elements to ensure that they are valid objects.",58.82,0.710469663143158
97,6,6,"The issue arises from the handling of a specific array in the code. On line 910, there is a dereference of the array without checking if the element is null. In this case, the second element of the test input array is null, leading to an exception being thrown. This happens because the template isn't designed to handle null pointers. To fix the bug, ensure that a null check is performed on the array elements before dereferencing them. Additionally, make sure the array is properly initialized and avoid declaring it as null.",64.41,0.6630121469497681
105,1,18,"The variable declaration for `str` is correct, as `str` is not a reserved name in Python. However, if the intention was to use the built-in string type, naming a variable `str` can lead to unintended issues. This is because it shadows the built-in `str` type, potentially causing errors in string-related operations later in the code. To avoid this, consider renaming the variable to a more descriptive name that does not conflict with built-in types.",61.16,0.47642695903778076
105,2,18,"The variable `str` is correctly defined and is not a reserved name in the programming language. Therefore, the issue does not appear to be related to the variable declaration itself. Further investigation into other aspects of the code is necessary to identify the source of the error.",47.08,0.6658248901367188
105,3,18,"The variable `str` is correctly defined and not a reserved name, indicating that its declaration is valid. The error does not appear to be related to the `str` variable itself, as the parameter being passed is confirmed to be a valid string.",58.62,0.6869841814041138
105,4,18,"The variable `str` is correctly declared and not a reserved name, indicating that its definition should not be related to the error encountered. The parameter being passed is indeed a valid string. Additionally, `fr_POSIX` is a constant string, and Java typically converts such constants to the String type without issues, suggesting there are no problems with the type conversion in this case. Overall, the current bug doesn't appear to stem from these elements.",52.9,0.8109747171401978
105,5,18,"The variable `str` is correctly declared and defined as a string, and it is not a reserved name. The parameter being passed is a valid string. Additionally, `fr_POSIX` is defined as a constant string, which Java should automatically convert to the appropriate String type. Therefore, the issue does not appear to be related to the string variable declarations or their types.",55.95,0.7631938457489014
105,6,18,"The variable `str` is correctly declared and defined, and it does not contribute to the error being encountered. The parameter being passed is a valid string. Additionally, `fr_POSIX` is a constant string, and Java typically converts this to a String type without issues. Thus, the problem does not seem to stem from these variables.",57.77,0.8327939510345459
105,7,18,"The variable `str` is declared and used correctly, and it is not a reserved name, so it does not contribute to the error. The parameter being passed is a valid string, and `fr_POSIX` is a const string that is correctly converted to the String type in Java. The string variable was created with a clear alias, which also adds to the readability. Overall, there doesn't appear to be anything wrong with the string variables or their usage that would cause the exception.",67.59,0.8024505972862244
105,8,18,"The variable `str` is correctly declared and used as a parameter of type `String`, which is valid and adheres to naming conventions. It has no direct contribution to the observed error, and the creation of the string variable with a meaningful alias is appropriate. Additionally, `fr_POSIX` is defined as a constant string, and it seems that Java successfully handles the type conversion to `String`. Overall, there don't appear to be any issues with the `str` variable or its usage in this context.",59.13,0.7505437135696411
105,9,18,"The variable `str`, which is named ""fr__POSIX"", is correctly declared and used as a string parameter. It complies with length rules and is not null. The declaration and usage of `str` do not contribute to the current error, as it is a valid string and appropriately defined. Additionally, `fr_POSIX` is a const string, and there should be no issues with its conversion to the String type in Java. Overall, there are no apparent problems with the string variable that would lead to the exception being encountered.",62.48,0.7862441539764404
105,10,18,"The variable `str`, defined as `fr__POSIX`, is not related to the error being encountered. It is correctly declared as a string and meets the necessary length requirements. The concerns regarding the variable name do not affect functionality, as having a parameter named ""str"" is perfectly acceptable in Java. Additionally, since the input being passed is a valid string, and if there were an issue with the variable's definition, the failure message would indicate a different type of error. Therefore, the focus should be on the inputs to the function rather than the variable declaration itself.",52.19,0.7880421876907349
105,11,18,"The variable `str`, defined as `fr__POSIX`, is correctly declared as a const string and adheres to the necessary rules for length and naming conventions. Since `str` is not null and is initialized properly, it does not contribute to the exception being encountered. The failure message received indicates that the issue lies with incorrect input to the function, rather than a syntax error or improper definition of the `str` variable. The `IllegalArgumentException` is triggered by a conditional check at line 115, where one of the conditions evaluates to true. Overall, `str` is a valid string parameter and should not be causing the error.",50.77,0.8381952047348022
105,12,18,"The variable `str` is defined correctly as a string parameter named ""str"", which is perfectly acceptable in Java. It holds a valid value, specifically ""fr__POSIX"", ensuring it is not null and meets the required length rules. The declaration and usage of `str` do not contribute to the exception being encountered. Given that the failure message indicates an input-related issue rather than a definition problem, it can be concluded that `str` itself is not causing the error. The exception triggering an `IllegalArgumentException` is determined by an if statement at line 115, which evaluates conditions unrelated to the variable definition.",43.12,0.800159752368927
105,13,18,"The bug is related to the input parameter being passed, which is 'fr_POSIX'. While the variable `str` is defined correctly, and there is no issue with its syntax or usage within the code, the input itself is deemed invalid according to the schema. This invalid input triggers an `IllegalArgumentException` in the function, specifically when an `if` statement at line 115 evaluates to true. The failure message indicates that the input to the function is incorrect, not that there is a problem with how the variable `str` is defined or used.",57.1,0.7647982239723206
105,14,18,"The bug appears to be related to the handling of the input variable `fr_POSIX`, rather than the declaration or usage of the variable `str`. 

Here's a consolidated explanation:

The variable `str`, which is passed as a parameter, is correctly defined as a String type, and there are no syntax issues associated with its declaration. The variable has been created with an appropriate alias, and as it stands, it holds the value `fr__POSIX`, which is not null and adheres to the specified length rules. The error message indicates that the exception is triggered by an invalid input according to the schema defined in the code, rather than any issue with the variable's definition.

The IllegalArgumentException is generated from an if statement at line 115 when one of its evaluated conditions returns true, implying the value of `fr_POSIX` does not meet the expected criteria. This suggests the problem lies with the input and not with the variable or its type.",44.78,0.7488670945167542
105,15,18,"The bug involves an `IllegalArgumentException` being triggered due to an invalid input string. The variable `str` is defined correctly as `fr__POSIX`, which is a valid string and meets the length requirements. While `str` is not a reserved name in Java and is declared properly, the issue does not lie within its definition or usage. 

The problem arises because the input `fr__POSIX` does not conform to the expected schema defined in the code, leading to the exception being thrown. This condition is checked by an `if` statement at line 115, which evaluates to true for this specific input. Therefore, while the variable `str` is appropriate and correctly implemented, the input itself is invalid according to the program's specifications. Addressing the input validation in accordance with the schema should resolve the issue.",52.6,0.745586633682251
105,16,18,"The issue at hand is not related to the variable declaration or its naming, as ""str"" is a valid name in Java and is correctly defined. The variable `str` is initialized with the value `fr__POSIX`, which is a valid string and adheres to the length rules. The code throws an `IllegalArgumentException` because the input `fr_POSIX` does not meet the schema requirements of the function, which evaluates conditions and triggers the exception on line 115 when it finds an invalid input. Therefore, the problem lies not in the definition or usage of `str`, but rather in the validity of the input being passed to the function.",53.24,0.7656230926513672
105,17,18,"The bug is not related to the variable declaration or definition of `str`, which is correctly defined and used as a constant string with the value `fr__POSIX`. The variable name `str` is not a reserved word in Java, and there's nothing syntactically wrong with using it. The input 'fr__POSIX' adheres to the expected length and validation rules; however, it is still considered invalid based on the specific schema outlined in the code. 

The exception encountered is an `IllegalArgumentException`, triggered by an `if` statement at line 115 when its condition evaluates to true, indicating that the string does not meet certain criteria required by the function. Therefore, the issue lies not with the variable `str` but with the validity of the input against the defined schema.",46.1,0.7797671556472778
105,18,18,"The issue at hand is not related to the variable `str`, which is defined correctly as a parameter of type `String`. The variable `str`, specifically referred to as `fr__POSIX`, conforms to length requirements and is not null, thus it should function without issues. Java does not treat `str` as a reserved word, so using it as a variable name is acceptable.

The error we are encountering, resulting in an `IllegalArgumentException`, stems from the input 'fr_POSIX' violating specific requirements defined in our code's schema. The failure message indicates that the issue is with the input to the function rather than the definition or declaration of the variable `str` itself. The logic evaluation that leads to the exception is handled by an if statement at line 115, where a condition returns true, triggering the exception.

In summary, while the `str` variable and its definition are correct and valid, the input provided is the root cause of the exception, necessitating a review of the input string against the coding schema.",47.22,0.7471333742141724
