Answer.ID,FailingMethod,Question.ID,Answer.duration,Answer.confidence,Answer.difficulty,GroundTruth,TP,TN,FN,FP,Answer.option,Answer.order,Answer.explanation,Code.LOC,Code.complexity,Worker.ID,Worker.score,Worker.profession,Worker.yearsOfExperience,Worker.age,Worker.gender,Worker.whereLearnedToCode,Worker.country,Worker.programmingLanguage,isCorrect,Halstead_volume,predicted_isCorrect,is_correct_prediction,Answer.explanation_size
441,HIT01_8,1,140.407,4,3,1,1,0,0,0,1,3,Minutes are set to -15; which is less then 0 and it throws illegal arg exception,1,1,35Eg-6i-8G-2-6-8,3,Undergraduate_Student,3.0,49,Female,University,US,php,1,64.0,1,1,80
443,HIT01_8,1,112.409,5,2,1,1,0,0,0,1,3,In the code there is a check that 0 <= minutes < 60 and the minutesOffset is -15 which does not fall into these prarmeters thus throwing an Exception,1,1,286Ig-9C0E170,5,Undergraduate_Student,5.0,20,Male,University;Web,USA,c#,1,137.8917375627406,1,1,149
444,HIT01_8,1,76.418,5,1,1,1,0,0,0,1,3,There is a logical check for if minuteOffset is less than 0 or greater than 59 causing it to throw an exception because the value is out of bounds (negative number),1,1,1221iC8A5A242:495CC9e6a691:11aE2c-4c-9-86,4,Undergraduate_Student,4.0,19,Male,University;Web;Other FIRST Robotics,United States,C++,1,149.0280025837857,1,1,164
445,HIT01_8,1,261.928,5,2,1,1,0,0,0,1,3,"YES. The issue is on line 279 (as I explained in my first question; of which I misunderstood that I was only being asked about the specific issue; not generalized issue). On line 279 the variable ""minutesOffSet"" is parameterized to throw an exception if it is < 0 or > 59. Line 279 should read ""if (minutesOffset < -59 || minutesOffset > 59) {"" because now the method can take in the number of minutes as a negative and will allow the method to properly progress to invoke/call further methods such as those asked about in the two previous questions.",1,1,555aC0a8e4-8-3:535CE8A-5e-95-2,3,Graduate_Student,1.0,25,Female,University,USA,java,1,620.945336562895,1,1,550
446,HIT01_8,1,236.045,5,1,1,1,0,0,0,1,3,"The variable ""minutesOffset"" is checked incorrectly by the IF statement on line 279. Any negative value for ""minutesOffset"" will throw this exception; while the documentation states that ""minutesOffset"" can be negative in some cases.",1,1,815aA-9g-4e44-8:182Ae3g-6i-30-5,5,Professional_Developer,5.0,29,Male,University;Other On the job,USA,Python; SQL; Java,1,165.17135383433745,1,1,233
448,HIT01_8,1,259.79,3,3,1,1,0,0,0,1,3,This variable contains a value of -15 as set by DateTimeZone.forOffsetHoursMinutes(-2; -15). Line 279 checks to see if is a valid value; meaning that is between 0 and 59. Since it is not; an exception error is thrown in line 280.,1,1,78cA-9e4a2-6-7,5,Hobbyist,1.0,30,Female,University,united states,none,1,211.9669250591348,1,1,229
449,HIT01_8,1,230.142,4,3,1,1,0,0,0,1,3,Yes; the variable gets set to -15 through the arguments above. The code specifically encounters the error on line 279 when it tests if minutesOffset < 0; (-15) which is the case; so it throws the error on line 280 : Minutes out of range: with the value provided for that argument -15.,1,1,1449GA0I-4C14-1,4,Undergraduate_Student,4.0,35,Male,High School,USA,php and C++,1,287.5920319992112,1,1,284
450,HIT01_8,1,253.302,4,2,1,1,0,0,0,1,2,"As noted in the comments; valid input for minutes must be in the rage -59 to +59 but on line 279 of the source minutesOffset is checked for < 0. Instead it should be minutesOFfset < -59 . Also noted in comments is that versions before 2.3 minutes had to be zero or positive. ""Minutes out of range: + minutesOffset"" is our error.",1,1,41eI0e3i-806:568Ae7g8c-7-1-2,5,Hobbyist,4.0,35,Male,University;Web;Other MOOC,USA,Java Python,1,349.93909765569117,1,1,328
451,HIT01_8,1,89.521,4,3,1,1,0,0,0,1,2,"the variable should be defined as ""unsigned int"" if we expect it to be always positive",1,1,1523iA8C4C-602,5,Professional_Developer,14.0,34,Male,High School;University;Web;Other books,Russia,C++;Object Pascal,1,62.5102495297363,1,1,86
455,HIT01_8,1,161.419,4,4,1,1,0,0,0,1,2,The value of minutes offset does not have valid argument as a result this method will not be called as and argument exception will be displayed.,1,1,1573Ic-9c3a-7-13,5,Graduate_Student,2.0,24,Male,University,India,c; c++,1,114.20025299224778,1,1,144
456,HIT01_8,1,58.673,5,1,1,1,0,0,0,1,2,yep; they are checking if minutesOffset < 0 to throw an exception; and as -15 <0; it gets thrown. looks like they updated the comments but not the code. and this is why comments are evil liars that can't be trusted!,1,1,1598AG0g-8e-9-32,4,Professional_Developer,25.0,25,Male,High School;University;Other forever,USA,c++,1,211.9669250591348,1,1,215
457,HIT01_8,1,129.491,5,1,1,1,0,0,0,1,2,The error is stemming from line 279 because the value of -15 for minutesOffset is < 0. The line should be     if (minutesOffset < -59 || minutesOffset > 59) {,1,1,83gE-9E9a-176:1609ca8I0E-894,4,Undergraduate_Student,9.0,27,Male,High School;University;Web,USA,c++,1,137.54887502163467,1,1,158
242,HIT01_8,4,60.89,5,1,1,1,0,0,0,1,2,the conditional clause throws an error if the value of minutes is smaller than zero,3,2,98ce7A-4i-507,4,Undergraduate_Student,10.0,25,Female,High School;University;Web,United States,c#,1,57.11032383086406,1,1,83
243,HIT01_8,4,218.695,5,4,1,1,0,0,0,1,2,The argument -15 is less than 0; which causes the if statement conditional on line 279 to pass. This results in the exception on line 280 being thrown. According to the comment block above the method; minutesOffset should be checked for below -59 or above 59.,3,2,881AC0I2E-625:135cI3E-7e8-86,5,Professional_Developer,7.0,24,Male,High School;University;Web,United States,C++;Java;PHP,1,241.40466561840492,1,1,259
244,HIT01_8,4,42.667,3,5,1,1,0,0,0,1,2,There may be an issue as it involves not indigenous java,3,2,188aC8i1a150,5,Professional_Developer,4.0,27,Female,University;Web,India,Java;C++,1,38.05374780501027,1,1,56
245,HIT01_8,4,93.64,5,1,1,1,0,0,0,1,2,According to the comments; the minute value should be between -59 and +59; but the conditional statement is checking for a value between 0 and 59.,3,2,270eG-5c6A3-46:65eI-2i-2I-9-36,5,Professional_Developer,20.0,38,Male,High School;University;Other On the job,USA,C#,1,114.20025299224778,1,1,146
247,HIT01_8,4,148.875,5,1,1,1,0,0,0,1,2,Yes; this line is exactly the one that produces the exception when minutesOffset is <0. As minutesOffset; being the second argument in the function; gets the value -15 in the call to DateTimeZone.forOffsetHoursMinutes(-2; -15),3,2,59gA3i5E2-7-9:249IE-2a8E-92-1,5,Graduate_Student,12.0,40,Male,University;Web,Colombia,C++,1,161.66617507355792,1,1,226
248,HIT01_8,4,141.524,5,1,1,1,0,0,0,1,2,You are passing it a negative offset value (-15) and the conditionals are set to reject any offset that is less than 0 or greater than 59 and throw a new exception.,3,2,656AI5G0i-32-5,4,Undergraduate_Student,4.0,20,Male,University;Web,USA,Java; PHP; HTML,1,152.15640006923098,1,1,164
249,HIT01_8,4,233.341,4,3,1,1,0,0,0,1,2,the code is incomplete. it properly checks for greater than 59 but neglects to take into account if the hours are negative before rejecting minutes for being negative. it would be more correct though not completely to check for less than -59 instead of less than 0,3,2,452Ig6c-9G-502:768Ga1I8G-27-2:69eC6i-8G00-4,4,Hobbyist,35.0,59,Male,University;Web;Other self study,USA,Euphoria,1,248.41390428652568,1,1,264
252,HIT01_8,4,271.58,5,1,1,1,0,0,0,1,1,"Line 279 written as ""minutesOffset < 0"" makes it clear it's the one throwing the Exception; as the -15 in the minutes spot is clearly less than 0.",3,2,1456eI-3g8a-22-2:488gG-7E2G-8-68,4,Other,2.5,24,Male,High School;Other Training classes,United States,Do not currently use,1,128.37895002019238,1,1,146
253,HIT01_8,4,138.806,5,1,1,1,0,0,0,1,1,this cause assumes all negative minutes are bad. from the comment; negative minutes are ok when the hours are negative too. the comments specifically say its bad when the mins are negative but the hours are positive. there is a line break in the middle of that part of the comment which could lead a programmer to miss half of the info.,3,2,1471CA8i0C-225,5,Other,15.0,39,Female,University,US,Python,1,334.32368021228314,1,1,336
254,HIT01_8,4,155.351,5,3,1,1,0,0,0,1,1,"Yes ; this conditional clause is exactly the place from where the exception is thrown ; because it is not in valid range of ""minutes""",3,2,1504ic8g0I130:312cI-5a9I-1-82:10eG-8i5a-618,5,Professional_Developer,8.0,33,Male,Web,India,C#,1,109.80793556946902,1,1,133
255,HIT01_8,4,32.826,4,3,1,1,0,0,0,1,1,It's because of second line negative value.,3,2,1520Ea3c0E3-65:9AI0g4a-386,5,Graduate_Student,3.0,24,Male,University;Web,India,Java,1,19.651484454403228,1,1,43
256,HIT01_8,4,50.738,5,1,1,1,0,0,0,1,1,This conditional will reject any negative minute input; even if the hour input is also negative.,3,2,172Cg2C7i-8-1-4,3,Graduate_Student,6.0,33,Female,High School;University;Other work,US,Java,1,64.0,1,1,96
257,HIT01_8,4,35.532,5,1,1,1,0,0,0,1,1,This is the argument exception thrown.,3,2,15GG-1G-6I44-8:1540CE2g-7G26-4,5,Professional_Developer,10.0,32,Male,University;Web,USA,php,1,15.509775004326936,1,1,38
258,HIT01_8,4,39.864,5,1,1,1,0,0,0,1,1,-15 is less then 0; so it throws IllegalArgumentException,3,2,1569GA-9C0a903,5,Professional_Developer,7.0,28,Male,University,USA,visual foxpro,1,28.52932501298081,1,1,57
259,HIT01_8,4,644.626,5,2,1,1,0,0,0,1,1,Value passed in minutes -15;where as it checks (<0 | >53).,3,2,1558IC6A2G07-8,3,Professional_Developer,7.0,35,Male,University;Other private institute,INDIA,Java,1,38.05374780501027,1,1,58
62,HIT02_24,10,1074.931,4,3,1,1,0,0,0,1,1,g has to be 0-255. But you are passing in -0.5. I don't know the specifics of the lowerbound and upperbound on the min and max as I am not a Java class expert; but I reckon g comes out negative once the calculation plays out.,1,1,27Ei-8i0A-3-59:15cG-7i7C996,3,Professional_Developer,23.0,44,Male,High School;University,USA,RPG; Visual Basic,1,241.40466561840492,1,1,225
64,HIT02_24,10,268.485,4,3,1,1,0,0,0,1,1,The color is out of the parameter should be between 0.0 and 1.0,1,1,101CE0E8G-6-88,3,Undergraduate_Student,3.0,23,Male,University,united states,c++; java,1,46.60451250937503,1,1,63
65,HIT02_24,10,431.344,4,3,1,1,0,0,0,1,1,"depending on the upperBound and lowerBound values; ""g"" might exceed -255 or 255 which is not a valid value for the Color object.",1,1,817EE-1e2C78-7:129eE4a-1E-24-3,3,Hobbyist,32.0,32,Male,University,USA,java,1,102.56692722865783,1,1,128
67,HIT02_24,10,9112.97,5,2,1,1,0,0,0,1,1,"The variable ""value"" is incorrectly used on line 117; where the variable ""v"" should be used in its place. The variable ""value"" can exist beyond the range of ""this.lowerBound"" and ""this.upperBound"" and is causing this error.",1,1,815aA-9g-4e44-8:182Ae3g-6i-30-5,5,Professional_Developer,5.0,29,Male,University;Other On the job,USA,Python; SQL; Java,1,171.17595007788486,1,1,223
68,HIT02_24,10,156.707,2,3,1,1,0,0,0,1,1,there is an issue with colors in that programme ,1,1,1535eC4G4g-8-85:827Ca-4g2e-90-5,5,Professional_Developer,1.0,25,Male,University,India,JAVA,1,28.52932501298081,1,1,48
73,HIT02_24,10,105.015,5,3,1,1,0,0,0,1,1,Nothing in this method checks that the lower range of value is positive -- therefore a negative number is not sanitized.,1,1,114eE1e0a9-5-8:820Ie-3c1C-85-5,5,Professional_Developer,10.0,33,Male,High School;University,USA,C#,1,90.76048999263462,1,1,120
75,HIT02_24,10,230.524,3,2,1,1,0,0,0,1,1,The argument value is checked against the lowerBound and upperBound variables; but the resulting variable v is never used in the code. Therefore; the value being -0.5 in this case results in a negative integer value; which is outside the expected 0 to 255 range for a color.,1,1,881AC0I2E-625:135cI3E-7e8-86,5,Professional_Developer,7.0,24,Male,High School;University;Web,United States,C++;Java;PHP,1,250.05376155018962,1,1,274
76,HIT02_24,10,1883.331,4,4,1,1,0,0,0,1,1,There is a problem with the argument  public class IllegalArgumentException extends RuntimeException thrown when a method is passed an illegal or inappropriate argument.,1,1,892CA6a-8c802:759GA-8a-5a-285,4,Professional_Developer,6.0,31,Female,University;Web,INDIA,PHP;MySQL,1,101.02330072391149,1,1,169
78,HIT02_24,10,88.588,4,5,1,1,0,0,0,1,1,You are calling the Color constructor with three float parameters so the values are allowed to be between 0.0 and 1.0.,1,1,830gA-8i-9I517,5,Professional_Developer,6.0,26,Male,University,india,java,1,89.20647778231529,1,1,118
81,HIT02_24,14,96.114,4,2,1,1,0,0,0,1,2,The exception is coming from Color; so it must be g that has a bad value.  I need to see the definition of this.lowerBound and this.upperBound to know what is wrong though.,1,1,23EE-1c8E1-7-2:16eA-3g-9A-7-5-3,4,Professional_Developer,6.0,31,Female,University;Web,INDIA,PHP;MySQL,1,155.4553918440823,1,1,172
82,HIT02_24,14,74.804,3,3,1,1,0,0,0,1,2,I'm not sure if this is the issue but the fact that int g is being defined by (int) could be causing some kind of parameter error.,1,1,358ig-7C7C5-1-2:10EI0c-3A0-3-9,5,Professional_Developer,5.0,32,Male,University,USA,SQL,1,125.38411712391756,1,1,130
83,HIT02_24,14,247.533,4,3,1,1,0,0,0,1,2,The calculation of g appears to result in a negative integer value if the parameter value is negative to begin with. Passing a negative g into Color would produce the error and there is nothing in the definition of g that seeks to prevent that. And the calculation certainly looks like it would come out negative in that scenario. Again without understanding the relevance of lowerbound and upperbound; I cannot be 100 percent certain; as a caveat.,1,1,27Ei-8i0A-3-59:15cG-7i7C996,3,Professional_Developer,23.0,44,Male,High School;University,USA,RPG; Visual Basic,1,438.9338582968641,1,1,448
84,HIT02_24,14,99.518,3,3,1,1,0,0,0,1,2,should be a float number,1,1,101CE0E8G-6-88,3,Undergraduate_Student,3.0,23,Male,University,united states,c++; java,1,11.60964047443681,1,1,24
85,HIT02_24,14,75.243,4,2,1,1,0,0,0,1,2,"variable ""g"" might be outside the range of the Color class acceptable range values.",1,1,817EE-1e2C78-7:129eE4a-1E-24-3,3,Hobbyist,32.0,32,Male,University,USA,java,1,50.18947501009619,1,1,83
88,HIT02_24,14,30.739,3,3,1,1,0,0,0,1,2,i believe that some error there in that line ,1,1,1535eC4G4g-8-85:827Ca-4g2e-90-5,5,Professional_Developer,1.0,25,Male,University,India,JAVA,1,27.0,1,1,45
91,HIT02_24,14,7.328,3,3,1,0,0,1,0,0,2,no,1,1,770Ce-7G-7e721,4,Hobbyist,1.0,26,Male,Web,INDIA,ASP.NET,0,0.0,0,1,2
92,HIT02_24,14,84.68,4,2,1,1,0,0,0,1,2,Since the exception seems to be thrown up by Color constructor (seeing message - color parameter outside of expected range); there is a problem with the value of g.,1,1,582GG-6a-7c31-1:310Ei-2a5i-4-17,5,Other,10.0,53,Male,University,India,R,1,136.3127518260917,1,1,164
96,HIT02_24,14,252.02,4,4,1,1,0,0,0,1,2,public class IllegalArgumentException extends RuntimeException thrown when a method is passed an illegal or inappropriate argument.    Methods inherited from class java.lang.Throwable  getCause; getLocalizedMessage; getMessage; initCause; printStackTrace; printStackTrace; printStackTrace; toString  ,1,1,892CA6a-8c802:759GA-8a-5a-285,4,Professional_Developer,6.0,31,Female,University;Web,INDIA,PHP;MySQL,1,136.3127518260917,1,1,300
100,HIT02_24,14,70.3,5,1,1,1,0,0,0,1,2,yes ... should be computed using v; not value.,1,1,67AI-8G5A71-3:163Aa0i0a963:161eg5c5I-649,5,Other,30.0,61,Male,High School;University;Other Leanred more experts at work,US,none at present; most C and ksh in past; C++;,1,28.52932501298081,1,1,46
